PRAGMA foreign_keys=OFF;
BEGIN TRANSACTION;
CREATE TABLE IF NOT EXISTS "django_migrations" ("id" integer NOT NULL PRIMARY KEY AUTOINCREMENT, "app" varchar(255) NOT NULL, "name" varchar(255) NOT NULL, "applied" datetime NOT NULL);
INSERT INTO django_migrations VALUES(1,'contenttypes','0001_initial','2026-02-25 09:19:30.871524');
INSERT INTO django_migrations VALUES(2,'auth','0001_initial','2026-02-25 09:19:30.913803');
INSERT INTO django_migrations VALUES(3,'admin','0001_initial','2026-02-25 09:19:30.943708');
INSERT INTO django_migrations VALUES(4,'admin','0002_logentry_remove_auto_add','2026-02-25 09:19:30.965064');
INSERT INTO django_migrations VALUES(5,'admin','0003_logentry_add_action_flag_choices','2026-02-25 09:19:30.985833');
INSERT INTO django_migrations VALUES(6,'contenttypes','0002_remove_content_type_name','2026-02-25 09:19:31.016902');
INSERT INTO django_migrations VALUES(7,'auth','0002_alter_permission_name_max_length','2026-02-25 09:19:31.035702');
INSERT INTO django_migrations VALUES(8,'auth','0003_alter_user_email_max_length','2026-02-25 09:19:31.055086');
INSERT INTO django_migrations VALUES(9,'auth','0004_alter_user_username_opts','2026-02-25 09:19:31.074359');
INSERT INTO django_migrations VALUES(10,'auth','0005_alter_user_last_login_null','2026-02-25 09:19:31.096448');
INSERT INTO django_migrations VALUES(11,'auth','0006_require_contenttypes_0002','2026-02-25 09:19:31.104926');
INSERT INTO django_migrations VALUES(12,'auth','0007_alter_validators_add_error_messages','2026-02-25 09:19:31.122791');
INSERT INTO django_migrations VALUES(13,'auth','0008_alter_user_username_max_length','2026-02-25 09:19:31.144778');
INSERT INTO django_migrations VALUES(14,'auth','0009_alter_user_last_name_max_length','2026-02-25 09:19:31.169533');
INSERT INTO django_migrations VALUES(15,'auth','0010_alter_group_name_max_length','2026-02-25 09:19:31.190618');
INSERT INTO django_migrations VALUES(16,'auth','0011_update_proxy_permissions','2026-02-25 09:19:31.205794');
INSERT INTO django_migrations VALUES(17,'auth','0012_alter_user_first_name_max_length','2026-02-25 09:19:31.227951');
INSERT INTO django_migrations VALUES(18,'product','0001_initial','2026-02-25 09:19:31.256773');
INSERT INTO django_migrations VALUES(19,'sessions','0001_initial','2026-02-25 09:19:31.279271');
INSERT INTO django_migrations VALUES(20,'product','0002_order_orderitem','2026-03-04 10:34:06.217748');
INSERT INTO django_migrations VALUES(21,'authtoken','0001_initial','2026-03-18 11:13:19.087528');
INSERT INTO django_migrations VALUES(22,'authtoken','0002_auto_20160226_1747','2026-03-18 11:13:19.136468');
INSERT INTO django_migrations VALUES(23,'authtoken','0003_tokenproxy','2026-03-18 11:13:19.146503');
INSERT INTO django_migrations VALUES(24,'authtoken','0004_alter_tokenproxy_options','2026-03-18 11:13:19.158321');
INSERT INTO django_migrations VALUES(25,'users','0001_initial','2026-03-18 11:27:58.604281');
CREATE TABLE IF NOT EXISTS "auth_group_permissions" ("id" integer NOT NULL PRIMARY KEY AUTOINCREMENT, "group_id" integer NOT NULL REFERENCES "auth_group" ("id") DEFERRABLE INITIALLY DEFERRED, "permission_id" integer NOT NULL REFERENCES "auth_permission" ("id") DEFERRABLE INITIALLY DEFERRED);
CREATE TABLE IF NOT EXISTS "auth_user_groups" ("id" integer NOT NULL PRIMARY KEY AUTOINCREMENT, "user_id" integer NOT NULL REFERENCES "auth_user" ("id") DEFERRABLE INITIALLY DEFERRED, "group_id" integer NOT NULL REFERENCES "auth_group" ("id") DEFERRABLE INITIALLY DEFERRED);
CREATE TABLE IF NOT EXISTS "auth_user_user_permissions" ("id" integer NOT NULL PRIMARY KEY AUTOINCREMENT, "user_id" integer NOT NULL REFERENCES "auth_user" ("id") DEFERRABLE INITIALLY DEFERRED, "permission_id" integer NOT NULL REFERENCES "auth_permission" ("id") DEFERRABLE INITIALLY DEFERRED);
CREATE TABLE IF NOT EXISTS "django_admin_log" ("id" integer NOT NULL PRIMARY KEY AUTOINCREMENT, "object_id" text NULL, "object_repr" varchar(200) NOT NULL, "action_flag" smallint unsigned NOT NULL CHECK ("action_flag" >= 0), "change_message" text NOT NULL, "content_type_id" integer NULL REFERENCES "django_content_type" ("id") DEFERRABLE INITIALLY DEFERRED, "user_id" integer NOT NULL REFERENCES "auth_user" ("id") DEFERRABLE INITIALLY DEFERRED, "action_time" datetime NOT NULL);
INSERT INTO django_admin_log VALUES(1,'1','Мясо',1,'[{"added": {}}]',7,1,'2026-02-25 09:22:34.951373');
INSERT INTO django_admin_log VALUES(2,'2','Ф',1,'[{"added": {}}]',7,1,'2026-02-25 09:22:41.949750');
INSERT INTO django_admin_log VALUES(3,'2','Ф',3,'',7,1,'2026-02-25 09:22:50.603363');
INSERT INTO django_admin_log VALUES(4,'3','Фрукты',1,'[{"added": {}}]',7,1,'2026-02-25 09:22:58.283721');
INSERT INTO django_admin_log VALUES(5,'4','Овощи',1,'[{"added": {}}]',7,1,'2026-02-25 09:23:11.773795');
INSERT INTO django_admin_log VALUES(6,'5','Сладости',1,'[{"added": {}}]',7,1,'2026-02-25 09:23:25.917962');
INSERT INTO django_admin_log VALUES(7,'6','Напитки',1,'[{"added": {}}]',7,1,'2026-02-25 09:23:42.223471');
INSERT INTO django_admin_log VALUES(8,'1','банан',1,'[{"added": {}}]',8,1,'2026-02-25 09:24:17.226308');
INSERT INTO django_admin_log VALUES(9,'2','Помидор',1,'[{"added": {}}]',8,1,'2026-02-25 09:25:23.384248');
INSERT INTO django_admin_log VALUES(10,'1','очень вкусный свежий - банан',1,'[{"added": {}}]',9,1,'2026-02-25 09:26:46.804686');
INSERT INTO django_admin_log VALUES(11,'2','красный и круглый   вкусеый - Помидор',1,'[{"added": {}}]',9,1,'2026-02-25 09:37:43.082914');
INSERT INTO django_admin_log VALUES(12,'3','good color - банан',1,'[{"added": {}}]',9,1,'2026-03-04 09:57:24.964715');
INSERT INTO django_admin_log VALUES(13,'4','картошка',1,'[{"added": {}}]',8,1,'2026-03-04 09:59:05.964706');
INSERT INTO django_admin_log VALUES(14,'5','banana',1,'[{"added": {}}]',8,1,'2026-03-04 10:39:24.395884');
INSERT INTO django_admin_log VALUES(15,'4','good color i like it - banana',1,'[{"added": {}}]',9,1,'2026-03-04 10:39:52.341180');
CREATE TABLE IF NOT EXISTS "django_content_type" ("id" integer NOT NULL PRIMARY KEY AUTOINCREMENT, "app_label" varchar(100) NOT NULL, "model" varchar(100) NOT NULL);
INSERT INTO django_content_type VALUES(1,'admin','logentry');
INSERT INTO django_content_type VALUES(2,'auth','group');
INSERT INTO django_content_type VALUES(3,'auth','permission');
INSERT INTO django_content_type VALUES(4,'auth','user');
INSERT INTO django_content_type VALUES(5,'contenttypes','contenttype');
INSERT INTO django_content_type VALUES(6,'sessions','session');
INSERT INTO django_content_type VALUES(7,'product','category');
INSERT INTO django_content_type VALUES(8,'product','product');
INSERT INTO django_content_type VALUES(9,'product','review');
INSERT INTO django_content_type VALUES(10,'product','order');
INSERT INTO django_content_type VALUES(11,'product','orderitem');
INSERT INTO django_content_type VALUES(12,'authtoken','token');
INSERT INTO django_content_type VALUES(13,'authtoken','tokenproxy');
INSERT INTO django_content_type VALUES(14,'users','confirmationcode');
CREATE TABLE IF NOT EXISTS "auth_permission" ("id" integer NOT NULL PRIMARY KEY AUTOINCREMENT, "content_type_id" integer NOT NULL REFERENCES "django_content_type" ("id") DEFERRABLE INITIALLY DEFERRED, "codename" varchar(100) NOT NULL, "name" varchar(255) NOT NULL);
INSERT INTO auth_permission VALUES(1,1,'add_logentry','Can add log entry');
INSERT INTO auth_permission VALUES(2,1,'change_logentry','Can change log entry');
INSERT INTO auth_permission VALUES(3,1,'delete_logentry','Can delete log entry');
INSERT INTO auth_permission VALUES(4,1,'view_logentry','Can view log entry');
INSERT INTO auth_permission VALUES(5,3,'add_permission','Can add permission');
INSERT INTO auth_permission VALUES(6,3,'change_permission','Can change permission');
INSERT INTO auth_permission VALUES(7,3,'delete_permission','Can delete permission');
INSERT INTO auth_permission VALUES(8,3,'view_permission','Can view permission');
INSERT INTO auth_permission VALUES(9,2,'add_group','Can add group');
INSERT INTO auth_permission VALUES(10,2,'change_group','Can change group');
INSERT INTO auth_permission VALUES(11,2,'delete_group','Can delete group');
INSERT INTO auth_permission VALUES(12,2,'view_group','Can view group');
INSERT INTO auth_permission VALUES(13,4,'add_user','Can add user');
INSERT INTO auth_permission VALUES(14,4,'change_user','Can change user');
INSERT INTO auth_permission VALUES(15,4,'delete_user','Can delete user');
INSERT INTO auth_permission VALUES(16,4,'view_user','Can view user');
INSERT INTO auth_permission VALUES(17,5,'add_contenttype','Can add content type');
INSERT INTO auth_permission VALUES(18,5,'change_contenttype','Can change content type');
INSERT INTO auth_permission VALUES(19,5,'delete_contenttype','Can delete content type');
INSERT INTO auth_permission VALUES(20,5,'view_contenttype','Can view content type');
INSERT INTO auth_permission VALUES(21,6,'add_session','Can add session');
INSERT INTO auth_permission VALUES(22,6,'change_session','Can change session');
INSERT INTO auth_permission VALUES(23,6,'delete_session','Can delete session');
INSERT INTO auth_permission VALUES(24,6,'view_session','Can view session');
INSERT INTO auth_permission VALUES(25,7,'add_category','Can add category');
INSERT INTO auth_permission VALUES(26,7,'change_category','Can change category');
INSERT INTO auth_permission VALUES(27,7,'delete_category','Can delete category');
INSERT INTO auth_permission VALUES(28,7,'view_category','Can view category');
INSERT INTO auth_permission VALUES(29,8,'add_product','Can add product');
INSERT INTO auth_permission VALUES(30,8,'change_product','Can change product');
INSERT INTO auth_permission VALUES(31,8,'delete_product','Can delete product');
INSERT INTO auth_permission VALUES(32,8,'view_product','Can view product');
INSERT INTO auth_permission VALUES(33,9,'add_review','Can add review');
INSERT INTO auth_permission VALUES(34,9,'change_review','Can change review');
INSERT INTO auth_permission VALUES(35,9,'delete_review','Can delete review');
INSERT INTO auth_permission VALUES(36,9,'view_review','Can view review');
INSERT INTO auth_permission VALUES(37,11,'add_orderitem','Can add order item');
INSERT INTO auth_permission VALUES(38,11,'change_orderitem','Can change order item');
INSERT INTO auth_permission VALUES(39,11,'delete_orderitem','Can delete order item');
INSERT INTO auth_permission VALUES(40,11,'view_orderitem','Can view order item');
INSERT INTO auth_permission VALUES(41,10,'add_order','Can add order');
INSERT INTO auth_permission VALUES(42,10,'change_order','Can change order');
INSERT INTO auth_permission VALUES(43,10,'delete_order','Can delete order');
INSERT INTO auth_permission VALUES(44,10,'view_order','Can view order');
INSERT INTO auth_permission VALUES(45,12,'add_token','Can add Token');
INSERT INTO auth_permission VALUES(46,12,'change_token','Can change Token');
INSERT INTO auth_permission VALUES(47,12,'delete_token','Can delete Token');
INSERT INTO auth_permission VALUES(48,12,'view_token','Can view Token');
INSERT INTO auth_permission VALUES(49,13,'add_tokenproxy','Can add Token');
INSERT INTO auth_permission VALUES(50,13,'change_tokenproxy','Can change Token');
INSERT INTO auth_permission VALUES(51,13,'delete_tokenproxy','Can delete Token');
INSERT INTO auth_permission VALUES(52,13,'view_tokenproxy','Can view Token');
INSERT INTO auth_permission VALUES(53,14,'add_confirmationcode','Can add confirmation code');
INSERT INTO auth_permission VALUES(54,14,'change_confirmationcode','Can change confirmation code');
INSERT INTO auth_permission VALUES(55,14,'delete_confirmationcode','Can delete confirmation code');
INSERT INTO auth_permission VALUES(56,14,'view_confirmationcode','Can view confirmation code');
CREATE TABLE IF NOT EXISTS "auth_group" ("id" integer NOT NULL PRIMARY KEY AUTOINCREMENT, "name" varchar(150) NOT NULL UNIQUE);
CREATE TABLE IF NOT EXISTS "auth_user" ("id" integer NOT NULL PRIMARY KEY AUTOINCREMENT, "password" varchar(128) NOT NULL, "last_login" datetime NULL, "is_superuser" bool NOT NULL, "username" varchar(150) NOT NULL UNIQUE, "last_name" varchar(150) NOT NULL, "email" varchar(254) NOT NULL, "is_staff" bool NOT NULL, "is_active" bool NOT NULL, "date_joined" datetime NOT NULL, "first_name" varchar(150) NOT NULL);
INSERT INTO auth_user VALUES(1,'pbkdf2_sha256$1200000$6R7F1qUD668K2wF8mazoBI$tH5JIT26ewaCsbeag/vIsL+YsUCTGBdNh3Wespgs1cs=','2026-03-04 09:56:53.129615',1,'Artur','','',1,1,'2026-02-25 09:21:46.508633','');
INSERT INTO auth_user VALUES(2,'pbkdf2_sha256$1200000$d1qMLgTSXj7BJNlcRNenVp$Fn9MZGeiMOjq0wQbe8WO+I9252fEtMX/Fk7VJ6e3fvk=',NULL,0,'admin2','','',0,0,'2026-03-18 11:25:25.042959','');
INSERT INTO auth_user VALUES(3,'pbkdf2_sha256$1200000$ehNYUj6SkplfsGISTmF6iy$sSGFeq8M6S6+EYOSgfyR2BnhAAx19vvWmAeUGgZdp0o=',NULL,0,'admin3','','',0,0,'2026-03-18 11:26:58.565268','');
INSERT INTO auth_user VALUES(4,'pbkdf2_sha256$1200000$MQlp95LQTbCVBSxNMfcWnQ$akz5D/IV7zzLjIEOB6lpjqWAJHsLe+iarONhMJrj5qU=',NULL,0,'admin7','','',0,0,'2026-03-18 11:29:12.963870','');
INSERT INTO auth_user VALUES(5,'pbkdf2_sha256$1200000$LhnLiwGhCYYJARWEEET37c$TcOz1Nb025J1mUc26kfhaIs16834ZfvRT/ATW8Zkq78=',NULL,0,'test','','',0,0,'2026-03-18 11:32:15.932355','');
INSERT INTO auth_user VALUES(6,'pbkdf2_sha256$1200000$kqRjtkcEv57XWfLQilmUwf$8/79o/nESuyUC0Lv4/2CspySqYjU4deQ9Jil/CVzluY=',NULL,0,'tes5t','','',0,0,'2026-03-18 11:32:45.768407','');
CREATE TABLE IF NOT EXISTS "product_category" ("id" integer NOT NULL PRIMARY KEY AUTOINCREMENT, "name" varchar(100) NOT NULL);
INSERT INTO product_category VALUES(1,'Мясо');
INSERT INTO product_category VALUES(3,'Фрукты');
INSERT INTO product_category VALUES(4,'Овощи');
INSERT INTO product_category VALUES(5,'Сладости');
INSERT INTO product_category VALUES(6,'Напитки');
INSERT INTO product_category VALUES(7,'Electronics');
CREATE TABLE IF NOT EXISTS "product_product" ("id" integer NOT NULL PRIMARY KEY AUTOINCREMENT, "title" varchar(255) NOT NULL, "description" text NOT NULL, "price" decimal NOT NULL, "category_id" bigint NOT NULL REFERENCES "product_category" ("id") DEFERRABLE INITIALLY DEFERRED);
INSERT INTO product_product VALUES(1,'банан','банан очень полезный для здоровья',125,3);
INSERT INTO product_product VALUES(2,'Помидор','помидор полезный можно из него сделать салат',170,3);
INSERT INTO product_product VALUES(3,'Laptop','Nice',1000,7);
INSERT INTO product_product VALUES(4,'картошка','картошку можно добавить почти в любое блюдо',543,4);
INSERT INTO product_product VALUES(5,'banana','good fructs',958,3);
CREATE TABLE IF NOT EXISTS "product_review" ("id" integer NOT NULL PRIMARY KEY AUTOINCREMENT, "text" text NULL, "product_id" bigint NOT NULL REFERENCES "product_product" ("id") DEFERRABLE INITIALLY DEFERRED);
INSERT INTO product_review VALUES(1,'очень вкусный свежий',1);
INSERT INTO product_review VALUES(2,'красный и круглый   вкусеый',2);
INSERT INTO product_review VALUES(3,'good color',1);
INSERT INTO product_review VALUES(4,'good color i like it',5);
CREATE TABLE IF NOT EXISTS "django_session" ("session_key" varchar(40) NOT NULL PRIMARY KEY, "session_data" text NOT NULL, "expire_date" datetime NOT NULL);
INSERT INTO django_session VALUES('4rr1604oevd9gptucmdgxg1ra2yxtpnc','.eJxVjEEOwiAQRe_C2pBCZQCX7j0DGWZAqgaS0q6Md7dNutDtf-_9twi4LiWsPc1hYnERSpx-t4j0THUH_MB6b5JaXeYpyl2RB-3y1ji9rof7d1Cwl60G47TNrHBAjnEkHhlM9tEmItKKyFl02mNCfYbBmwGIc96IcuBBe_H5Agg6OGU:1vvB5s:jYE59_iWO34gFdNdtD5JYJsARJ1_L1GJOG6kzFE6O2M','2026-03-11 09:22:08.646765');
INSERT INTO django_session VALUES('mwweg80wsqkfxlhu877ra9khl5tje0uu','.eJxVjEEOwiAQRe_C2pBCZQCX7j0DGWZAqgaS0q6Md7dNutDtf-_9twi4LiWsPc1hYnERSpx-t4j0THUH_MB6b5JaXeYpyl2RB-3y1ji9rof7d1Cwl60G47TNrHBAjnEkHhlM9tEmItKKyFl02mNCfYbBmwGIc96IcuBBe_H5Agg6OGU:1vxiyL:rvKyhbleWne_yzXL5bkRkIpUtUSA7jYoaw3zPZJnfEs','2026-03-18 09:56:53.138736');
CREATE TABLE IF NOT EXISTS "product_order" ("id" integer NOT NULL PRIMARY KEY AUTOINCREMENT, "customer_name" varchar(100) NOT NULL, "created_at" datetime NOT NULL, "is_paid" bool NOT NULL);
CREATE TABLE IF NOT EXISTS "product_orderitem" ("id" integer NOT NULL PRIMARY KEY AUTOINCREMENT, "quantity" integer unsigned NOT NULL CHECK ("quantity" >= 0), "order_id" bigint NOT NULL REFERENCES "product_order" ("id") DEFERRABLE INITIALLY DEFERRED, "product_id" bigint NOT NULL REFERENCES "product_product" ("id") DEFERRABLE INITIALLY DEFERRED);
CREATE TABLE IF NOT EXISTS "authtoken_token" ("key" varchar(40) NOT NULL PRIMARY KEY, "created" datetime NOT NULL, "user_id" integer NOT NULL UNIQUE REFERENCES "auth_user" ("id") DEFERRABLE INITIALLY DEFERRED);
CREATE TABLE IF NOT EXISTS "users_confirmationcode" ("id" integer NOT NULL PRIMARY KEY AUTOINCREMENT, "code" varchar(6) NOT NULL, "created_at" datetime NOT NULL, "user_id" integer NOT NULL UNIQUE REFERENCES "auth_user" ("id") DEFERRABLE INITIALLY DEFERRED);
INSERT INTO users_confirmationcode VALUES(1,'591675','2026-03-18 11:29:13.537463',4);
INSERT INTO users_confirmationcode VALUES(2,'362752','2026-03-18 11:32:16.495700',5);
INSERT INTO users_confirmationcode VALUES(3,'545927','2026-03-18 11:32:46.367761',6);
DELETE FROM sqlite_sequence;
INSERT INTO sqlite_sequence VALUES('django_migrations',25);
INSERT INTO sqlite_sequence VALUES('django_admin_log',15);
INSERT INTO sqlite_sequence VALUES('django_content_type',14);
INSERT INTO sqlite_sequence VALUES('auth_permission',56);
INSERT INTO sqlite_sequence VALUES('auth_group',0);
INSERT INTO sqlite_sequence VALUES('auth_user',6);
INSERT INTO sqlite_sequence VALUES('product_category',7);
INSERT INTO sqlite_sequence VALUES('product_product',5);
INSERT INTO sqlite_sequence VALUES('product_review',4);
INSERT INTO sqlite_sequence VALUES('users_confirmationcode',3);
CREATE UNIQUE INDEX "auth_group_permissions_group_id_permission_id_0cd325b0_uniq" ON "auth_group_permissions" ("group_id", "permission_id");
CREATE INDEX "auth_group_permissions_group_id_b120cbf9" ON "auth_group_permissions" ("group_id");
CREATE INDEX "auth_group_permissions_permission_id_84c5c92e" ON "auth_group_permissions" ("permission_id");
CREATE UNIQUE INDEX "auth_user_groups_user_id_group_id_94350c0c_uniq" ON "auth_user_groups" ("user_id", "group_id");
CREATE INDEX "auth_user_groups_user_id_6a12ed8b" ON "auth_user_groups" ("user_id");
CREATE INDEX "auth_user_groups_group_id_97559544" ON "auth_user_groups" ("group_id");
CREATE UNIQUE INDEX "auth_user_user_permissions_user_id_permission_id_14a6b632_uniq" ON "auth_user_user_permissions" ("user_id", "permission_id");
CREATE INDEX "auth_user_user_permissions_user_id_a95ead1b" ON "auth_user_user_permissions" ("user_id");
CREATE INDEX "auth_user_user_permissions_permission_id_1fbb5f2c" ON "auth_user_user_permissions" ("permission_id");
CREATE INDEX "django_admin_log_content_type_id_c4bce8eb" ON "django_admin_log" ("content_type_id");
CREATE INDEX "django_admin_log_user_id_c564eba6" ON "django_admin_log" ("user_id");
CREATE UNIQUE INDEX "django_content_type_app_label_model_76bd3d3b_uniq" ON "django_content_type" ("app_label", "model");
CREATE UNIQUE INDEX "auth_permission_content_type_id_codename_01ab375a_uniq" ON "auth_permission" ("content_type_id", "codename");
CREATE INDEX "auth_permission_content_type_id_2f476e4b" ON "auth_permission" ("content_type_id");
CREATE INDEX "product_product_category_id_0c725779" ON "product_product" ("category_id");
CREATE INDEX "product_review_product_id_428b0c5c" ON "product_review" ("product_id");
CREATE INDEX "django_session_expire_date_a5c62663" ON "django_session" ("expire_date");
CREATE INDEX "product_orderitem_order_id_dfc13ea1" ON "product_orderitem" ("order_id");
CREATE INDEX "product_orderitem_product_id_016dfc2d" ON "product_orderitem" ("product_id");
COMMIT;
